movieId,score,title,genres,explanation
2360,2.545076060215413,"Celebration, The (Festen) (1998)",Drama," Based on their past preferences, the user may enjoy the dark, psychological thriller genre of 'Celebration, The (Festen)'. With a score of 2.55, the movie is recommended to the user as it falls within their range of preferred movies and has received generally positive reviews for its complex storyline and strong performances."
82,2.5367928832406705,Antonia's Line (Antonia) (1995),Comedy|Drama," Based on your past preferences and a score of 2.54, the movie 'Antonia's Line (Antonia)' might be recommended to you as it is a drama film that explores themes of love, relationships and family dynamics. The movie features strong performances from its lead actresses and has received positive critical reviews for its compelling storytelling. Additionally, the movie's score of 2.54 suggests that it is well-liked by audiences who have similar taste to yours."
44555,2.414831237688188,"Lives of Others, The (Das leben der Anderen) (2006)",Drama|Romance|Thriller," Based on your past preferences, it appears that you enjoy watching movies with thought-provoking themes, complex characters, and historical context. With a score of 2.41, ""Lives of Others"" is a highly rated movie that explores these elements through the story of a Stasi officer in East Germany, making it a recommended choice for you."
62115,2.4143047462908305,Six Shooter (2004),Comedy|Drama," Based on the user's past preferences, the movie 'Six Shooter' might be recommended as it is a Western-comedy film with a similar genre to some of the user's previously enjoyed movies. Additionally, the movie has a relatively high rating of 7.0/10 on IMDb and a score of 2.41 on this platform, indicating that many other users have also found it enjoyable."
171011,2.411891997773333,Planet Earth II (2016),Documentary," Based on the user's past preferences, it appears that they have shown an interest in nature documentaries, and the score of 2.41 indicates that they generally enjoy watching educational content with a focus on environmental issues. Therefore, ""Planet Earth II"" (2016) could be recommended to this user as it is a highly acclaimed nature documentary series that showcases the beauty and complexity of our planet while also highlighting the challenges facing its ecosystems due to human activities."
170705,2.40979226039077,Band of Brothers (2001),Action|Drama|War," Based on the user's past preferences, it seems that they enjoy historical documentaries and military narratives. With a score of 2.41, 'Band of Brothers (2001)' might be recommended to this user as it is a well-regarded documentary series about the experiences of the Easy Company soldiers during World War II. The series combines compelling storytelling with archival footage and interviews, providing a unique insight into the lives of these soldiers and the challenges they faced."
2324,2.409121887491931,Life Is Beautiful (La Vita è bella) (1997),Comedy|Drama|Romance|War," Based on the user's past preferences, we can recommend the movie 'Life Is Beautiful' because it combines elements of drama, comedy and historical context. The score of 2.41 indicates that many users have enjoyed this film, which tells the story of a Jewish family during World War II."
1193,2.407250322878805,One Flew Over the Cuckoo's Nest (1975),Drama," Based on your past preferences, it appears that you enjoy movies with a strong narrative, well-developed characters, and themes of personal growth or overcoming obstacles. 'One Flew Over the Cuckoo's Nest' is a classic film that meets these criteria, with a compelling storyline, memorable performances, and timeless themes of freedom and self-discovery. With a score of 2.41, it suggests that you may appreciate the film's emotional depth and thought-provoking messages, making it a recommended watch for you."
7767,2.400322160154014,"Best of Youth, The (La meglio gioventù) (2003)",Drama," Based on your previous preferences and a score of 2.40, we recommend the movie 'Best of Youth, The (La meglio gioventù) (2003)'. This film is a coming-of-age drama that revolves around two young men during the period of Italy's economic miracle in the 1960s. It explores themes of friendship, love, and the struggle to find one's place in the world. The movie received positive reviews for its powerful performances, engaging storyline, and thought-provoking message."
678,2.389298781392891,Some Folks Call It a Sling Blade (1993),Drama|Thriller," Based on the user's past preferences, it is possible that they may enjoy the movie ""Some Folks Call It a Sling Blade"" as it features a similar genre or theme to movies they have previously enjoyed. Additionally, the film has received positive reviews and has an average rating of 7.6/10 on IMDb, suggesting that many viewers find it to be engaging and entertaining. Overall, a score of 2.39 may indicate that the user is open to new recommendations and has shown a willingness to explore different types of movies, making ""Some Folks Call It a Sling Blade"" a suitable recommendation for them."
